Page,Referrer
https://actonco2.direct.gov.uk/actonco2/home/campaigns/Waste-campaign.html?utm_source=google&utm_medium=cpc&utm_term=waste+reduction&utm_campaign=defra-search-waste,https://member.staging.goodpractice.net/upload-tfl/resources/leadership-and-strategy/social-responsibility/sustainability-and-environment/how-to-set-up-a-green-team.gp
https://climaterealityproject.org/the-event/,https://member.staging.goodpractice.net/upload-tfl/resources/topical-content/24-hours-to-save-the-world.gp
https://drfd.hbs.edu/fit/public/facultyInfo.do?facInfo=bio&facEmId=jkotter,https://member.staging.goodpractice.net/upload-tfl/resources/managing-people-and-teams/managing-change/penguins-top-tips-for-change.gp
https://drfd.hbs.edu/fit/public/facultyInfo.do?facInfo=bio&facId=6486,https://member.staging.goodpractice.net/upload-tfl/resources/leadership-and-strategy/leadership/the-role-of-the-leader/leadership-and-change.gp
https://ethisphere.com/,https://member.staging.goodpractice.net/upload-tfl/resources/personal-skills-and-development/credibility-and-professionalism/ethics/ethical-blind-spots-extended.gp
https://fivethirtyeight.blogs.nytimes.com/,https://member.staging.goodpractice.net/upload-tfl/resources/topical-content/winter-reads.gp
https://frankpartnoy.com/,https://member.staging.goodpractice.net/upload-tfl/resources/topical-content/new-leadership-digest.gp
https://osha.europa.eu/sub/esener/en/,https://member.staging.goodpractice.net/upload-tfl/resources/topical-content/under-pressure.gp
https://s3.amazonaws.com/goodpractice/79dd6d94-5d0d-00a6-a3bf-9f4900b75db8/Ashridge-Mission-Model-Interview.mp3,https://member.staging.goodpractice.net/upload-tfl/resources/leadership-and-strategy/hr-for-leaders/succession-planning/wendy-hirsh-on-succession-planning-interview-highlights.gp
https://s3.amazonaws.com/goodpractice/79dd6d94-5d0d-00a6-a3bf-9f4900b75db8/Ashridge-Mission-Model-Interview.mp3,https://member.staging.goodpractice.net/upload-tfl/resources/leadership-and-strategy/hr-for-leaders/talent-management/identifying-and-developing-talent/wendy-hirsh-on-succession-planning-interview-highlights.gp
https://www.astutediligence.com/Diligence_Basics.htm,https://member.staging.goodpractice.net/upload-tfl/resources/leadership-and-strategy/strategy/mergers-and-acquisitions/due-diligence-%E2%80%93-an-introduction.gp
https://www.bath.ac.uk/werc/publications.htm,https://member.staging.goodpractice.net/upload-tfl/resources/leadership-and-strategy/hr-for-leaders/hr/hr-management-theory/hr-and-business-performance-%E2%80%93-the-connection.gp
https://www.bath.ac.uk/werc/publications.htm,https://member.staging.goodpractice.net/upload-tfl/resources/leadership-and-strategy/hr-for-leaders/hr/hr-management-theory/hr-and-business-performance-%E2%80%93-the-connection.gp
https://www.bloomberg.com/apps/news?pid=newsarchive&sid=aqrJ2Fj0XJj0,https://member.staging.goodpractice.net/upload-tfl/resources/leadership-and-strategy/leadership/authentic-leadership/how-to-be-an-authentic-leader.gp
https://www.bloomberg.com/mobile/,https://member.staging.goodpractice.net/upload-tfl/resources/topical-content/app-and-away.gp
https://www.businessweek.com/debateroom/archives/2012/02/employee_happiness_matters_more_than_you_think.html,https://member.staging.goodpractice.net/upload-tfl/resources/topical-content/new-leadership-digest.gp
https://www.campaign-for-learning.org.uk/cfl/WorkplaceLearning/lawday/map/map.asp,https://member.staging.goodpractice.net/upload-tfl/resources/topical-content/focus-on-soft-skills.gp
https://www.chimpparadox.co.uk/index.php/category/the-book/,https://member.staging.goodpractice.net/upload-tfl/resources/topical-content/new-leadership-digest.gp
https://www.clearingtheairscotland.com/,https://member.staging.goodpractice.net/upload-tfl/resources/services-projects-and-operations/health-and-safety/setting-health-and-safety-standards-in-the-workplace/smoke-free-policy.gp
https://www.customerservice.com/,https://member.staging.goodpractice.net/upload-tfl/resources/services-projects-and-operations/customer-service/customer-care-strategies-and-models/tschohl%E2%80%99s-%E2%80%98personal-success-plan%E2%80%99.gp
https://www.davidco.com/about-gtd,https://member.staging.goodpractice.net/upload-tfl/resources/topical-content/new-leadership-digest.gp
https://www.dh.gov.uk/,https://member.staging.goodpractice.net/upload-tfl/resources/services-projects-and-operations/health-and-safety/setting-health-and-safety-standards-in-the-workplace/smoke-free-policy.gp
https://www.edentree.co.uk/blog/2011/3/23/the-essentials-of-supporting-an-online-learning-community.aspx,https://member.staging.goodpractice.net/upload-tfl/resources/topical-content/in-the-know.gp
https://www.efa.org.uk/publications.php?action=search&category=8,https://member.staging.goodpractice.net/upload-tfl/resources/leadership-and-strategy/hr-for-leaders/talent-management/identifying-and-developing-talent/bridging-the-generational-talent-gap.gp
https://www.emotionalintelligence.co.uk/,https://member.staging.goodpractice.net/upload-tfl/resources/personal-skills-and-development/emotional-intelligence/measuring-eq/baron-emotional-quotient-inventory%C2%AE-baron-eq-i%C2%AE.gp
https://www.fireofficers.org.uk/downloads/EmploymentLaw/ACASGuides/B&H%20-%20Employees%20Guidance.pdf,https://member.staging.goodpractice.net/upload-tfl/resources/leadership-and-strategy/hr-for-leaders/bullying/what-to-do-if-you-think-youre-being-bullied.gp
https://www.goodpractice.com/blog/the-broken-waterfall/,https://member.staging.goodpractice.net/upload-tfl/resources/topical-content/agile-project-management.gp
https://www.hrleader.net.au/articles/B3/0C054BB3.asp?Type=59&Category=917,https://member.staging.goodpractice.net/upload-tfl/resources/leadership-and-strategy/leadership/directing-others/managing-clever-people.gp
https://www.hrmagazine.co.uk/hr/news/1015172/hr-excellence-awards-2010-best-workplace-diversity-strategy-winner-mcdonalds,https://member.staging.goodpractice.net/upload-tfl/resources/leadership-and-strategy/hr-for-leaders/work-life-balance/work-life-balance/keeping-it-in-the-family-mcdonald%E2%80%99s-innovative-approach-to-job-sharing.gp
https://www.hse.gov.uk/statistics/causdis/stress/index.htm,https://member.staging.goodpractice.net/upload-tfl/resources/leadership-and-strategy/hr-for-leaders/work-life-balance/work-life-balance/work-life-balance-overview.gp
https://www.hse.gov.uk/statistics/causdis/stress/index.htm,https://member.staging.goodpractice.net/upload-tfl/resources/managing-people-and-teams/stress-management/avoiding-executive-burnout.gp
https://www.hse.gov.uk/statistics/causdis/stress/index.htm,https://member.staging.goodpractice.net/upload-tfl/resources/personal-skills-and-development/personal-wellbeing-and-stress/stress/avoiding-executive-burnout.gp
https://www.idea.gov.uk/idk/core/page.do?pageId=8169572,https://member.staging.goodpractice.net/upload-tfl/resources/topical-content/in-the-know.gp
https://www.johnkay.com/,https://member.staging.goodpractice.net/upload-tfl/resources/personal-skills-and-development/decision-making/managing-ambiguity/oblique-decision-making-extended.gp
https://www.johntschohl.com/,https://member.staging.goodpractice.net/upload-tfl/resources/services-projects-and-operations/customer-service/customer-care-strategies-and-models/tschohl%E2%80%99s-%E2%80%98personal-success-plan%E2%80%99.gp
https://www.loreal-finance.com/v8/us/index.asp?page=contenu/page.asp?ID_PAGE=330&SRUB=14,https://member.staging.goodpractice.net/upload-tfl/resources/leadership-and-strategy/strategy/strategy-in-practice/not-just-a-pretty-face-l%E2%80%99oreal%E2%80%99s-strategies-for-global-success.gp
https://www.management-issues.com/display_page.asp?section=research&id=3147&re,https://member.staging.goodpractice.net/upload-tfl/resources/managing-people-and-teams/managing-change/change-fatigue-%E2%80%93-the-modern-malaise.gp
https://www.nursingleadership.org.uk/publications/piu-leadership.pdf,https://member.staging.goodpractice.net/upload-tfl/resources/leadership-and-strategy/leadership/the-role-of-the-leader/leadership-theory-%E2%80%93-traditional-and-contemporary.gp
https://www.opscentre.com/resources/pdfs/Research/BCI_HDS_ResearchReport.pdf&nbsp;,https://member.staging.goodpractice.net/upload-tfl/resources/services-projects-and-operations/business-continuity-management/an-introduction-to-business-continuity-management.gp
https://www.people.hbs.edu/mbazerman/,https://member.staging.goodpractice.net/upload-tfl/resources/personal-skills-and-development/credibility-and-professionalism/ethics/ethical-blind-spots-extended.gp
https://www.tntprepaid.com/express/en_gb/site/home/about_us/about_tnt_express/tnt_corporate_responsibility/voluntary_contributions_to_society/world_food_programme.html,https://member.staging.goodpractice.net/upload-tfl/resources/leadership-and-strategy/social-responsibility/social-responsibility/csr-strategy/tnt%E2%80%99s-global-csr-programme.gp
https://www.topemployersforworkingfamilies.org.uk/index.php/winners/top-10,https://member.staging.goodpractice.net/upload-tfl/resources/leadership-and-strategy/hr-for-leaders/work-life-balance/work-life-balance/keeping-it-in-the-family-mcdonald%E2%80%99s-innovative-approach-to-job-sharing.gp
https://www.workingfamilies.org.uk/,https://member.staging.goodpractice.net/upload-tfl/resources/leadership-and-strategy/hr-for-leaders/work-life-balance/work-life-balance/work-life-balance-internet-links-and-references.gp
https://x-teams.com/,https://member.staging.goodpractice.net/upload-tfl/resources/managing-people-and-teams/team-management/team-types/deborah-ancona-on-x-teams.gp
